﻿<?xml version="1.0"?>
<doc>
<assembly>
<name>
WDCustomScan
</name>
</assembly>
<members>
<member name="T:WDCustomScan.My.Resources.Resources">
<summary>
  Classe di risorse fortemente tipizzata per la ricerca di stringhe localizzate e così via.
</summary>
</member>
<member name="P:WDCustomScan.My.Resources.Resources.ResourceManager">
<summary>
  Restituisce l'istanza di ResourceManager nella cache utilizzata da questa classe.
</summary>
</member>
<member name="P:WDCustomScan.My.Resources.Resources.Culture">
<summary>
  Esegue l'override della proprietà CurrentUICulture del thread corrente per tutte le
  ricerche di risorse eseguite utilizzando questa classe di risorse fortemente tipizzata.
</summary>
</member>
<member name="P:WDCustomScan.My.Resources.Resources._Erase">
<summary>
  Cerca una risorsa localizzata di tipo System.Drawing.Bitmap.
</summary>
</member>
<member name="P:WDCustomScan.My.Resources.Resources.Back">
<summary>
  Cerca una risorsa localizzata di tipo System.Drawing.Bitmap.
</summary>
</member>
<member name="P:WDCustomScan.My.Resources.Resources.Check">
<summary>
  Cerca una risorsa localizzata di tipo System.Drawing.Bitmap.
</summary>
</member>
<member name="P:WDCustomScan.My.Resources.Resources.Drive">
<summary>
  Cerca una risorsa localizzata di tipo System.Drawing.Bitmap.
</summary>
</member>
<member name="P:WDCustomScan.My.Resources.Resources.File">
<summary>
  Cerca una risorsa localizzata di tipo System.Drawing.Bitmap.
</summary>
</member>
<member name="P:WDCustomScan.My.Resources.Resources.Folder">
<summary>
  Cerca una risorsa localizzata di tipo System.Drawing.Bitmap.
</summary>
</member>
<member name="P:WDCustomScan.My.Resources.Resources.Home">
<summary>
  Cerca una risorsa localizzata di tipo System.Drawing.Bitmap.
</summary>
</member>
<member name="P:WDCustomScan.My.Resources.Resources.ico">
<summary>
  Cerca una risorsa localizzata di tipo System.Drawing.Icon simile a (Icona).
</summary>
</member>
<member name="P:WDCustomScan.My.Resources.Resources.ico1">
<summary>
  Cerca una risorsa localizzata di tipo System.Drawing.Bitmap.
</summary>
</member>
<member name="P:WDCustomScan.My.Resources.Resources.Info">
<summary>
  Cerca una risorsa localizzata di tipo System.Drawing.Bitmap.
</summary>
</member>
<member name="P:WDCustomScan.My.Resources.Resources.Loading">
<summary>
  Cerca una risorsa localizzata di tipo System.Drawing.Bitmap.
</summary>
</member>
<member name="P:WDCustomScan.My.Resources.Resources.O365">
<summary>
  Cerca una risorsa localizzata di tipo System.Drawing.Bitmap.
</summary>
</member>
<member name="P:WDCustomScan.My.Resources.Resources.Reload">
<summary>
  Cerca una risorsa localizzata di tipo System.Drawing.Bitmap.
</summary>
</member>
<member name="P:WDCustomScan.My.Resources.Resources.Scan">
<summary>
  Cerca una risorsa localizzata di tipo System.Drawing.Bitmap.
</summary>
</member>
<member name="P:WDCustomScan.My.Resources.Resources.SelectedBack">
<summary>
  Cerca una risorsa localizzata di tipo System.Drawing.Bitmap.
</summary>
</member>
<member name="P:WDCustomScan.My.Resources.Resources.SelectedCheck">
<summary>
  Cerca una risorsa localizzata di tipo System.Drawing.Bitmap.
</summary>
</member>
<member name="P:WDCustomScan.My.Resources.Resources.SelectedDrive">
<summary>
  Cerca una risorsa localizzata di tipo System.Drawing.Bitmap.
</summary>
</member>
<member name="P:WDCustomScan.My.Resources.Resources.SelectedErase">
<summary>
  Cerca una risorsa localizzata di tipo System.Drawing.Bitmap.
</summary>
</member>
<member name="P:WDCustomScan.My.Resources.Resources.SelectedFile">
<summary>
  Cerca una risorsa localizzata di tipo System.Drawing.Bitmap.
</summary>
</member>
<member name="P:WDCustomScan.My.Resources.Resources.SelectedFolder">
<summary>
  Cerca una risorsa localizzata di tipo System.Drawing.Bitmap.
</summary>
</member>
<member name="P:WDCustomScan.My.Resources.Resources.SelectedHome">
<summary>
  Cerca una risorsa localizzata di tipo System.Drawing.Bitmap.
</summary>
</member>
<member name="P:WDCustomScan.My.Resources.Resources.SelectedInfo">
<summary>
  Cerca una risorsa localizzata di tipo System.Drawing.Bitmap.
</summary>
</member>
<member name="P:WDCustomScan.My.Resources.Resources.SelectedO365">
<summary>
  Cerca una risorsa localizzata di tipo System.Drawing.Bitmap.
</summary>
</member>
<member name="P:WDCustomScan.My.Resources.Resources.SelectedReload">
<summary>
  Cerca una risorsa localizzata di tipo System.Drawing.Bitmap.
</summary>
</member>
<member name="P:WDCustomScan.My.Resources.Resources.SelectedScan">
<summary>
  Cerca una risorsa localizzata di tipo System.Drawing.Bitmap.
</summary>
</member>
<member name="P:WDCustomScan.My.Resources.Resources.SelectedSettings">
<summary>
  Cerca una risorsa localizzata di tipo System.Drawing.Bitmap.
</summary>
</member>
<member name="P:WDCustomScan.My.Resources.Resources.SelectedUpdates">
<summary>
  Cerca una risorsa localizzata di tipo System.Drawing.Bitmap.
</summary>
</member>
<member name="P:WDCustomScan.My.Resources.Resources.SelectedWU">
<summary>
  Cerca una risorsa localizzata di tipo System.Drawing.Bitmap.
</summary>
</member>
<member name="P:WDCustomScan.My.Resources.Resources.Settings">
<summary>
  Cerca una risorsa localizzata di tipo System.Drawing.Bitmap.
</summary>
</member>
<member name="P:WDCustomScan.My.Resources.Resources.Updates">
<summary>
  Cerca una risorsa localizzata di tipo System.Drawing.Bitmap.
</summary>
</member>
<member name="P:WDCustomScan.My.Resources.Resources.WU">
<summary>
  Cerca una risorsa localizzata di tipo System.Drawing.Bitmap.
</summary>
</member>
</members>
</doc>
